model,rmse,mae,r2,auc_top,average_precision,base_rate,precision_at_10,precision_at_30,precision_at_50,precision_at_100,recall_at_10,recall_at_30,recall_at_50,recall_at_100,lift_at_10,lift_at_30,lift_at_50,lift_at_100
LightGBM Tweedie Gradient Boosting,22926947.084489316,2191611.4187899875,0.31245196053339475,0.9103501097745239,0.4638106032756956,0.0902317880794702,0.7,0.5,0.5,0.54,0.03211009174311927,0.06880733944954129,0.11467889908256881,0.24770642201834864,7.757798165137614,5.541284403669724,5.541284403669724,5.984587155963303
